"latitude","longitude","breed","income","litter_size","gestation","date"
-32.3119836891236,150.486088069262,"Bengal",75992,1,66,2022-09-22
-32.4803075639511,150.726857212201,"Bengal",74248,2,65,2022-09-23
-32.2168846555446,150.213443364629,"Bengal",70268,8,60,2022-03-16
-33.1185361007595,150.379578224303,"Bengal",69344,3,59,2022-07-12
-32.5846388186466,150.960097123054,"Bengal",70147,6,60,2022-03-25
-31.9335437233586,150.580832167517,"Bengal",65336,3,55,2022-05-30
-32.9655698998046,149.99427500356,"Bengal",73819,7,63,2022-02-26
-32.4489776764394,150.362666460329,"Bengal",71667,8,61,2022-03-12
-32.4421386519255,150.546140838188,"Bengal",74970,4,65,2022-10-16
-33.3534594942612,150.552810348557,"Bengal",66666,6,57,2022-04-07
-32.787245587373,150.730401817267,"Bengal",72761,5,63,2022-01-13
-32.6255854046291,150.529889509062,"Bengal",77949,3,68,2022-10-10
-32.5868351622416,150.106701008657,"Bengal",67810,5,58,2022-04-17
-32.7421503759685,150.246574001941,"Bengal",73511,7,63,2022-02-26
-32.8713143803348,150.361447102539,"Bengal",65841,8,56,2022-03-29
-32.5362320422003,150.541442455758,"Bengal",72077,4,62,2022-09-07
-32.4948529739704,150.807953060424,"Bengal",71658,6,62,2022-03-06
-32.7869450371246,151.152128859345,"Bengal",68893,5,58,2022-04-17
-33.2817987762389,150.71672447052,"Bengal",72851,5,62,2022-03-05
-32.1754677369783,150.293506152017,"Bengal",75682,6,66,2022-12-27
-32.8213370487692,150.694282809139,"Bengal",65278,5,56,2022-04-21
-32.4195998253547,149.922143599168,"Bengal",72169,8,62,2022-03-07
-32.1348761267378,150.70059395487,"Bengal",67234,3,57,2022-06-13
-32.7943129995997,150.224188648168,"Bengal",66642,6,57,2022-04-07
-32.9387796005692,150.123258092387,"Bengal",60944,3,52,2022-05-19
-32.8978622650779,149.762850432682,"Bengal",75239,2,65,2022-09-23
-33.0092257660472,150.33599137712,"Bengal",62804,4,53,2022-05-06
-32.8901291324605,150.969402185516,"Bengal",70889,2,61,2022-08-28
-32.3601724982705,149.968634680148,"Bengal",63850,6,54,2022-04-13
-32.3826359859101,150.232535005061,"Bengal",65673,6,56,2022-04-10
-32.4573148534737,150.446822522541,"Bengal",72170,7,62,2022-03-07
-32.7625281227901,150.375796764771,"Bengal",65724,6,56,2022-04-10
-32.6684491779983,150.932381220007,"Bengal",76565,3,66,2022-10-05
-32.6274391105817,150.403606271092,"Bengal",66929,8,56,2022-03-29
-33.1531961346308,150.990525779901,"Bengal",66342,9,56,2022-03-25
-32.5935009782509,150.589377409435,"Bengal",70458,3,60,2022-08-01
-32.6618408484608,150.16595443129,"Bengal",67788,5,58,2022-04-17
-33.1816757623231,150.342601337959,"Bengal",71414,6,62,2022-03-06
-33.5834195295303,150.82992287777,"Bengal",78268,3,68,2022-10-10
-32.660792428515,150.407608017043,"Bengal",61121,5,51,2022-04-25
-32.6936983348823,150.425754320474,"Bengal",67221,3,57,2022-06-13
-32.6152453377598,150.427628700747,"Bengal",64128,6,55,2022-04-12
-33.0828036712578,150.956022727316,"Bengal",77854,5,68,2022-11-09
-32.1731455135548,150.726092617478,"Bengal",63434,6,53,2022-04-15
-32.7233176766363,150.650557515293,"Bengal",72348,5,62,2022-03-05
-32.6288941320214,149.720743106048,"Bengal",65146,3,55,2022-05-30
-33.0959343659236,150.807398623857,"Bengal",74130,5,64,2022-12-08
-32.867002929062,150.504653675872,"Bengal",68289,2,58,2022-07-24
-32.3810421273202,150.410440504019,"Bengal",69154,6,59,2022-03-31
-32.2110676041845,150.861015845586,"Bengal",63844,7,54,2022-04-07
-32.9330841445212,150.529604672461,"Bengal",68485,4,58,2022-05-15
-32.9667432083055,150.376641949586,"Bengal",70385,3,60,2022-08-01
-32.9370459260933,149.802069430304,"Bengal",58188,3,48,2022-05-13
-32.5498968295969,150.224936401857,"Bengal",70464,4,61,2022-07-10
-32.3974981780315,150.640993152388,"Bengal",74655,6,65,2022-01-12
-32.8075381481413,149.789289151913,"Bengal",66409,3,56,2022-06-05
-32.4652949460433,150.85293636488,"Bengal",59890,3,50,2022-05-16
-32.5393317783001,150.70959264547,"Bengal",67211,4,57,2022-05-11
-32.7275730555359,150.442798524543,"Bengal",70228,1,60,2022-08-24
-32.4191215580675,150.343951950563,"Bengal",67816,5,57,2022-04-19
-32.3238693163045,150.747639094299,"Bengal",65915,2,56,2022-07-02
-32.4767680648375,150.322763581242,"Bengal",74872,2,65,2022-09-23
-32.1862761506299,150.578448037155,"Bengal",71812,6,61,2022-03-17
-32.3214592901299,150.561084400663,"Bengal",70539,6,61,2022-03-17
-32.8598321726298,150.106869023055,"Bengal",73674,9,64,2022-02-25
-32.1151948768431,150.358065459142,"Bengal",65094,6,55,2022-04-12
-32.6234887094544,150.242020466178,"Bengal",74167,5,65,2022-11-23
-32.9935383014668,150.547679213086,"Bengal",66459,2,57,2022-07-12
-32.711310727704,150.080861104812,"Bengal",68179,1,58,2022-08-07
-32.6417629206936,150.14416352022,"Bengal",72201,5,62,2022-03-05
-32.9643676932335,151.087978162584,"Bengal",67535,2,58,2022-07-24
-32.1227216765636,150.207421976621,"Bengal",64853,12,55,2022-03-21
-32.3574427111024,149.74512944237,"Bengal",71931,1,62,2022-09-06
-32.3361967995584,150.389990026747,"Bengal",65755,1,56,2022-07-21
-32.3916744773116,150.520333445589,"Bengal",74551,9,65,2022-02-19
-32.061392558574,150.532856971229,"Bengal",65260,5,55,2022-04-22
-33.0828095218973,150.209206475397,"Bengal",72373,8,63,2022-03-01
-32.5950364689018,150.884009083601,"Bengal",67821,1,58,2022-08-07
-32.8765435091706,150.188039472307,"Bengal",69773,2,60,2022-08-17
-32.9624948395039,151.322637366492,"Bengal",65226,5,55,2022-04-22
-32.7115210049651,150.929060698009,"Bengal",67771,8,58,2022-03-23
-32.5397672955436,150.286374566961,"Bengal",76617,7,67,2022-01-12
-32.7816051242164,150.197450071954,"Bengal",68052,4,58,2022-05-15
-32.8832194297828,150.009999951233,"Bengal",66245,11,56,2022-03-21
-32.426506388759,150.422895195134,"Bengal",61128,5,51,2022-04-25
-32.6315219129303,150.477346065068,"Bengal",67627,4,58,2022-05-15
-32.686461181362,150.881888491835,"Bengal",67135,6,57,2022-04-07
-32.53182663667,150.545155170673,"Bengal",79220,6,69,2022-11-30
-32.7221244915047,150.654159950428,"Bengal",71928,7,62,2022-03-07
-32.5272105341165,150.442672588443,"Bengal",66879,5,57,2022-04-19
-32.8703512410396,150.820766365569,"Bengal",68552,4,58,2022-05-15
-32.7332149609276,149.835159549806,"Bengal",72035,6,62,2022-03-06
-32.7081729279969,150.855747387445,"Bengal",70163,4,60,2022-06-03
-32.3984930470597,150.266035023834,"Bengal",58492,4,48,2022-05-03
-32.9292944210257,150.311482531844,"Bengal",77324,4,67,2022-10-20
-32.6324801385771,150.213861080587,"Bengal",74104,4,64,2022-10-11
-32.6311960286818,150.361850725724,"Bengal",67673,7,57,2022-03-31
-32.7194625494014,150.537229144816,"Bengal",72291,5,63,2022-01-13
-33.1203492902629,150.572035300937,"Bengal",73836,2,64,2022-09-19
-32.6079521798865,150.274259077751,"Bengal",75156,9,65,2022-02-19
-32.4311406743179,150.328646193408,"Bengal",72747,6,63,2022-02-19
-33.1683852919822,150.523710569524,"Bengal",66725,6,57,2022-04-07
-33.1025038774257,150.327187157293,"Bengal",71087,7,61,2022-03-14
-32.8197156119741,150.728698733702,"Bengal",70355,5,61,2022-03-30
-32.8194242559045,150.134425193655,"Bengal",66896,9,57,2022-03-23
-32.6078370550048,150.483596167161,"Bengal",69681,3,59,2022-07-12
-32.4856768983501,150.014962968674,"Bengal",72928,6,64,2022-01-31
-32.5395467101478,151.131447894102,"Bengal",72266,8,62,2022-03-07
-32.8465287389515,150.438209553734,"Bengal",72205,3,62,2022-09-06
-32.941991657215,150.486405198726,"Bengal",72243,3,62,2022-09-06
-32.4988645901319,150.169113309412,"Bengal",66838,3,57,2022-06-13
-32.3270605991298,150.585883669852,"Bengal",68234,7,58,2022-03-28
-32.6896083362164,150.500451295977,"Bengal",73564,6,63,2022-02-19
-32.4665849437899,151.039195079197,"Bengal",65767,4,56,2022-05-09
-33.0508686162084,150.616973330007,"Bengal",73763,5,64,2022-12-08
-32.5857267162865,150.900319139334,"Bengal",76225,4,66,2022-10-19
-32.9837091391589,150.383628670042,"Bengal",78549,9,68,2022-01-31
-33.12995636769,150.611579973169,"Bengal",65048,7,55,2022-04-05
-32.4648896321785,150.214483098475,"Bengal",68693,2,59,2022-08-06
-32.57795388712,150.065927296312,"Bengal",73216,5,63,2022-01-13
-32.3348391901657,150.348841976117,"Bengal",73331,5,63,2022-01-13
-32.5477643687631,150.587510531082,"Bengal",68684,6,58,2022-04-04
-33.081398620385,150.360863895269,"Bengal",73326,6,63,2022-02-19
-32.8008042681678,150.424360247267,"Bengal",70088,4,60,2022-06-03
-33.0922510341043,150.790876952901,"Bengal",65944,4,55,2022-05-08
-32.4583309390018,150.913649244557,"Bengal",74079,4,64,2022-10-11
-33.147296223683,150.604643547667,"Bengal",71750,3,62,2022-09-06
-32.3787397273772,150.595584007217,"Bengal",63523,4,54,2022-05-07
-32.3688135460267,150.112515478583,"Bengal",65414,5,56,2022-04-21
-32.6223523582578,150.393812429081,"Bengal",74369,4,64,2022-10-11
-32.9484606152988,150.603357759744,"Bengal",80416,4,71,2022-10-24
-32.6538499382136,150.891128593329,"Bengal",59342,4,49,2022-05-04
-32.5842085241189,150.456966542544,"Bengal",68036,4,58,2022-05-15
-33.1346712145604,150.046355216433,"Bengal",69819,4,60,2022-06-03
-33.2252765459465,150.720650587574,"Bengal",68351,5,58,2022-04-17
-32.9208552143251,150.382693541763,"Bengal",74107,8,64,2022-02-22
-32.7822477584824,151.000295632835,"Bengal",76601,8,67,2022-01-28
-32.2499632954858,150.941454607575,"Bengal",73386,7,63,2022-02-26
-32.0841906120097,151.056748672334,"Bengal",60620,7,51,2022-04-11
-33.0232221066394,150.410938831584,"Bengal",66338,4,56,2022-05-09
-32.270539593235,150.224638387251,"Bengal",73947,6,64,2022-01-31
-32.8694172107478,150.201713446534,"Bengal",69518,5,59,2022-04-14
-33.1394240328139,150.033725547181,"Bengal",72317,6,63,2022-02-19
-31.9773045757645,149.795795619589,"Bengal",68200,6,58,2022-04-04
-33.0977437552616,150.530350794046,"Bengal",68984,7,60,2022-03-19
-32.183215651512,150.112926311175,"Bengal",71828,4,62,2022-09-07
-32.7697967651425,150.936452926998,"Bengal",69931,7,60,2022-03-19
-32.5173009287516,150.34307663059,"Bengal",69601,3,60,2022-08-01
-32.6798000537476,150.988735243329,"Bengal",71166,5,61,2022-03-30
-32.3951976452162,150.224544325244,"Bengal",76994,5,67,2022-11-12
-32.666386602054,149.825323850161,"Bengal",75033,6,65,2022-01-12
-32.895000633782,150.196225706889,"Bengal",71926,7,62,2022-03-07
-32.4623255353607,151.08949065974,"Bengal",66047,4,56,2022-05-09
-33.0917021384362,150.757080349621,"Bengal",75009,6,65,2022-01-12
-32.7189495910653,150.531586947097,"Bengal",59528,2,49,2022-05-26
-32.6580975158312,150.690546041763,"Bengal",66176,7,56,2022-04-03
-32.8857222571337,149.813682368181,"Bengal",70558,4,61,2022-07-10
-33.2649653209833,150.352540275672,"Bengal",70822,11,61,2022-03-10
-32.656823647849,150.640595979144,"Bengal",73271,5,63,2022-01-13
-32.8546399628982,150.603578075477,"Bengal",68241,7,58,2022-03-28
-32.9203264124777,150.902736963763,"Bengal",69388,8,59,2022-03-20
-32.7856032862538,150.640765805582,"Bengal",68923,3,59,2022-07-12
-33.1255449117038,151.275985398173,"Bengal",70730,2,61,2022-08-28
-32.8093074332743,150.342006337496,"Bengal",66742,6,57,2022-04-07
-32.5485228352294,150.752898330727,"Bengal",71306,9,61,2022-03-11
-33.202127505275,150.166732160223,"Bengal",70427,4,60,2022-06-03
-33.1028495284172,150.885833201763,"Bengal",69828,9,60,2022-03-14
-32.6000207149997,150.411448441797,"Bengal",77424,3,67,2022-10-08
-31.8599187684298,149.987262164487,"Bengal",70658,6,61,2022-03-17
-32.9083420115122,149.804638289797,"Bengal",72009,6,63,2022-02-19
-32.6959448490132,150.134087514087,"Bengal",64822,4,55,2022-05-08
-32.589792501948,150.405277303991,"Bengal",65853,5,56,2022-04-21
-32.7027167089242,150.929044552251,"Bengal",77001,1,67,2022-09-25
-32.879589260193,150.583102725015,"Bengal",62850,2,53,2022-06-10
-32.8438261242499,150.470467397785,"Bengal",75600,5,65,2022-11-23
-32.4742919235789,150.616818861843,"Bengal",73501,7,63,2022-02-26
-32.6955661836114,150.787575230624,"Bengal",72034,5,62,2022-03-05
-32.6475571000159,150.616674131067,"Bengal",73149,5,63,2022-01-13
-32.2464566405775,150.599490985065,"Bengal",71156,2,61,2022-08-28
-32.8540507125471,150.54651494722,"Bengal",74411,3,64,2022-09-25
-33.6915545995985,150.222096993992,"Bengal",73801,6,64,2022-01-31
-33.9570108563575,150.122691201644,"Bengal",60692,4,50,2022-05-04
-33.3507598693811,150.933086817427,"Bengal",71939,6,62,2022-03-06
-33.2273013749364,150.695160468509,"Bengal",73953,1,64,2022-09-15
-34.2391536694148,149.978610955636,"Bengal",61457,3,51,2022-05-17
-33.8779268244325,150.881911554004,"Bengal",67066,5,58,2022-04-17
-33.6233225396421,150.561282647455,"Bengal",71335,4,61,2022-07-10
-35.2850235959224,149.722207053766,"Bengal",68337,5,59,2022-04-14
-34.2132923442277,149.950380050248,"Bengal",73800,3,63,2022-09-17
-34.6746452646728,149.671530145296,"Bengal",69358,5,59,2022-04-14
-33.604228958931,151.250791737086,"Bengal",72922,4,63,2022-10-02
-34.473837956286,149.565608817582,"Bengal",70645,6,61,2022-03-17
-34.6154694601183,150.147799127907,"Bengal",73835,8,64,2022-02-22
-34.4573351897052,149.649362786167,"Bengal",64587,7,54,2022-04-07
-34.4568415315148,149.916612834576,"Bengal",63955,3,54,2022-05-25
-34.0657006918423,150.172806347889,"Bengal",79228,5,69,2022-11-08
-33.5243463786737,150.410399153989,"Bengal",79391,5,69,2022-11-08
-34.4405642637405,149.39527904659,"Bengal",74540,6,65,2022-01-12
-34.1434363681362,150.004009456235,"Bengal",70843,4,61,2022-07-10
-34.025012868946,149.726284048505,"Bengal",67364,4,57,2022-05-11
-33.5785247530658,150.347202773407,"Bengal",62049,2,52,2022-06-05
-33.8553504412799,150.47486331269,"Bengal",67719,6,58,2022-04-04
-34.3161842915598,150.225113605311,"Bengal",67150,4,57,2022-05-11
-33.5077702817505,150.64194522746,"Bengal",61028,4,51,2022-05-05
-33.2588421617245,150.239238751838,"Bengal",75554,5,66,2022-11-16
-34.0906069703242,150.436670529868,"Bengal",65989,7,56,2022-04-03
-33.6374393296231,150.524002187065,"Bengal",72300,7,62,2022-03-07
-33.8907761395065,149.576059315201,"Bengal",75676,3,66,2022-10-05
-33.6756214525135,150.391131368398,"Bengal",71522,5,62,2022-03-05
-34.0440516912978,150.02089226167,"Bengal",55573,5,45,2022-04-26
-33.4872013979464,150.992180038786,"Bengal",67512,6,58,2022-04-04
-34.5105104891534,150.029517139166,"Bengal",71358,5,61,2022-03-30
-34.3811672671181,149.805311045772,"Bengal",67237,5,57,2022-04-19
-33.3295029805234,150.199428660889,"Bengal",80319,6,71,2022-11-22
-33.8796314233701,150.5025581279,"Bengal",81410,8,71,2022-12-28
-33.7348150548785,150.417092344405,"Bengal",74595,6,64,2022-01-31
-33.898807347948,150.556254182749,"Bengal",66868,6,57,2022-04-07
-33.4028607492174,150.327294444883,"Bengal",77039,3,67,2022-10-08
-33.9572813370045,150.209937092727,"Bengal",71153,6,61,2022-03-17
-33.6856415676049,150.645998880277,"Bengal",73343,7,63,2022-02-26
-34.0932060929652,149.820559238651,"Bengal",66990,5,57,2022-04-19
-33.84511494838,149.893943826511,"Bengal",62625,1,53,2022-06-28
-34.5409785867316,149.536164782565,"Bengal",67667,8,58,2022-03-23
-33.6900420695163,150.055249663714,"Bengal",74438,4,64,2022-10-11
-33.0171897498408,150.82914231375,"Bengal",75302,4,65,2022-10-16
-34.4136105295561,150.452400472545,"Bengal",74350,4,65,2022-10-16
-33.851185015614,150.800306850805,"Bengal",65956,4,56,2022-05-09
-34.3322303091999,150.137069664812,"Bengal",63688,5,54,2022-04-23
-33.576139096925,150.47617292516,"Bengal",78490,4,69,2022-10-23
-34.4234711283119,150.151104722532,"Bengal",72203,5,62,2022-03-05
-33.2909560660777,150.853358492828,"Bengal",71840,4,62,2022-09-07
-34.7268047068487,149.958337114414,"Bengal",71916,6,62,2022-03-06
-34.0894551189061,150.611845790268,"Bengal",74009,9,64,2022-02-25
-33.1784839617987,150.700673205402,"Bengal",76329,2,66,2022-09-27
-33.8425677319289,149.790559509431,"Bengal",65089,6,55,2022-04-12
-34.2810907409096,149.656466265022,"Bengal",78685,5,69,2022-11-08
-34.1550267467707,150.260965688369,"Bengal",69468,6,60,2022-03-25
-33.9614730009255,149.972405957689,"Bengal",69117,8,59,2022-03-20
-33.8805221090259,150.59760640764,"Bengal",73598,5,64,2022-12-08
-34.4893474205123,150.404359947113,"Bengal",68096,6,58,2022-04-04
-34.3556550479961,150.041858098444,"Bengal",69232,5,60,2022-04-09
-33.4309835018255,150.317332783741,"Bengal",70502,4,60,2022-06-03
-33.8535681819393,150.33702348783,"Bengal",66625,9,57,2022-03-23
-34.1034809192039,150.142902454809,"Bengal",80481,9,71,2022-01-11
-34.0483518180204,150.256300536652,"Bengal",69915,7,60,2022-03-19
-34.3691343456806,149.849789688728,"Bengal",83698,7,74,2022-11-28
-34.049477016042,150.44679186933,"Bengal",72013,5,62,2022-03-05
-34.4601975336432,150.054028916357,"Bengal",68967,6,59,2022-03-31
-34.1605177107355,150.094919634065,"Bengal",68528,4,58,2022-05-15
-34.2329977880498,150.634021218061,"Bengal",73818,2,64,2022-09-19
-32.9902735899884,150.369779373193,"Bengal",66662,3,57,2022-06-13
-33.7599006583089,150.448996021412,"Bengal",71213,6,61,2022-03-17
-33.4063145144571,150.430140969011,"Bengal",73062,5,63,2022-01-13
-34.3183107255545,149.924698676955,"Bengal",63726,2,54,2022-06-16
-34.9782890404161,150.362620289608,"Bengal",58627,5,49,2022-04-25
-35.096493506947,149.39742890968,"Bengal",70190,5,60,2022-04-09
-33.7749564474067,149.878947911191,"Bengal",71772,4,62,2022-09-07
-33.9515451442904,150.164187176491,"Bengal",63681,4,54,2022-05-07
-33.6753515954127,150.080056813996,"Bengal",74281,6,64,2022-01-31
-34.0522660268522,149.529699909227,"Bengal",80285,8,71,2022-12-28
-34.0325939203153,150.146181249488,"Bengal",67181,8,57,2022-03-26
-33.9076729012543,150.370173670521,"Bengal",65633,3,55,2022-05-30
-34.0670960310664,150.096220812036,"Bengal",66962,6,57,2022-04-07
-34.0278334800835,150.121959876675,"Bengal",77104,5,67,2022-11-12
-33.9575496532813,150.328421097519,"Bengal",78340,2,69,2022-10-05
-34.2635760072956,150.316126656556,"Bengal",65670,2,56,2022-07-02
-33.97259568786,150.085052249989,"Bengal",66535,3,57,2022-06-13
-33.4266503903637,150.813021062456,"Bengal",66475,1,57,2022-07-30
-34.0246845682314,150.617816859678,"Bengal",71899,5,61,2022-03-30
-34.4141942653656,149.828159468258,"Bengal",74569,5,65,2022-11-23
-35.2221651961835,150.412696996518,"Bengal",69008,7,59,2022-03-24
-35.1376892095859,149.400561442728,"Bengal",58891,6,49,2022-04-19
-34.8314992790874,150.212247453672,"Bengal",70942,6,61,2022-03-17
-35.546295558923,149.469369447297,"Bengal",63975,2,54,2022-06-16
-35.0030459778339,150.209576909906,"Bengal",68634,1,59,2022-08-16
-35.024773534737,149.812274398306,"Bengal",69089,3,60,2022-08-01
-34.5932720626837,150.630022193883,"Bengal",62914,6,53,2022-04-15
-35.5963683210543,149.799652833585,"Bengal",63179,3,53,2022-05-22
-34.4180339526905,150.264790386409,"Bengal",71450,3,61,2022-08-21
-34.7024920637045,150.572870242768,"Bengal",76737,5,67,2022-11-12
-34.2810406083694,150.366694181609,"Bengal",75697,5,66,2022-11-16
-34.980378298694,150.440725420628,"Bengal",66345,5,57,2022-04-19
-34.5856626273405,150.290194460598,"Bengal",66882,5,57,2022-04-19
-34.0247138605311,150.980637583495,"Bengal",64329,5,54,2022-04-23
-35.076223583141,150.618682010247,"Bengal",66112,7,56,2022-04-03
-34.9683957360687,150.119794695167,"Bengal",64370,1,55,2022-07-12
-34.7413392561488,150.276949090304,"Bengal",74230,2,64,2022-09-19
-34.1492761092455,150.358939819094,"Bengal",73201,6,63,2022-02-19
-33.7987518056017,151.447343947854,"Bengal",75802,10,66,2022-02-18
-34.218277073266,150.406794021089,"Bengal",76112,7,66,2022-01-23
-34.4724966167353,150.644131249659,"Bengal",69473,7,59,2022-03-24
-35.3795217337718,149.251675977038,"Bengal",77450,6,67,2022-12-15
-34.2203117048595,150.585762053652,"Bengal",56023,7,46,2022-04-16
-35.2513689704141,150.091206563072,"Bengal",70212,4,60,2022-06-03
-34.7783921863039,150.045767194076,"Bengal",70796,6,61,2022-03-17
-35.5475976691908,149.739648086387,"Bengal",64345,8,55,2022-03-31
-35.1636048205298,150.463599451815,"Bengal",62594,4,52,2022-05-05
-35.0536913201407,149.997948569526,"Bengal",76883,4,67,2022-10-20
-34.336477883693,150.75440391009,"Bengal",70774,6,61,2022-03-17
-34.8383438138502,149.980647826046,"Bengal",65922,5,56,2022-04-21
-34.8021571665971,150.376171436883,"Bengal",64120,4,54,2022-05-07
-34.7227971364093,150.145665284834,"Bengal",64073,7,54,2022-04-07
-35.3930323911799,149.494918204403,"Bengal",62595,6,53,2022-04-15
-34.8418708068438,150.428980812769,"Bengal",67264,5,57,2022-04-19
-35.1762024082088,150.260490081168,"Bengal",67973,4,58,2022-05-15
-33.7958741257082,151.044483453699,"Bengal",58523,12,49,2022-03-29
-34.6199986647205,150.76028495546,"Bengal",64375,5,55,2022-04-22
-34.0199094123088,150.99016962285,"Bengal",74925,4,65,2022-10-16
-35.4915679428839,149.501966100897,"Bengal",62349,7,53,2022-04-08
-34.2027738917114,150.990167466787,"Bengal",68850,7,59,2022-03-24
-35.510764841759,149.652250124622,"Bengal",69897,10,60,2022-03-13
-34.455459700901,150.88672671687,"Bengal",64186,4,54,2022-05-07
-35.2850047648644,149.801866861262,"Bengal",69328,5,60,2022-04-09
-34.8922355053008,150.471686563653,"Bengal",65046,8,55,2022-03-31
-34.6292038429725,150.358264677818,"Bengal",75600,3,65,2022-09-30
-35.1416733041234,149.723865937427,"Bengal",67610,9,58,2022-03-21
-35.6908751149865,149.418208278159,"Bengal",68816,4,59,2022-05-21
-34.9375702652976,150.618030697314,"Bengal",73522,2,63,2022-09-13
-33.5791791414707,151.501637672734,"Bengal",63007,4,53,2022-05-06
-35.0684313007913,149.913509668018,"Bengal",71994,6,61,2022-03-17
-34.2638846120768,151.075967482912,"Bengal",68821,7,59,2022-03-24
-34.6307568276,150.35453261341,"Bengal",67273,2,57,2022-07-12
-34.4689912625149,150.409936229891,"Bengal",70143,7,60,2022-03-19
-35.5807524054311,149.241423478894,"Bengal",67357,8,57,2022-03-26
-34.9650636925684,150.659569957516,"Bengal",67215,5,57,2022-04-19
-34.6152760445852,150.63244701557,"Bengal",68616,2,58,2022-07-24
-35.3009053405827,150.363320237624,"Bengal",72249,7,63,2022-02-26
-34.5689693741549,150.211907417918,"Bengal",73058,6,63,2022-02-19
-35.1892750245981,149.862786863059,"Bengal",68693,2,59,2022-08-06
-34.5811859471104,150.741611068075,"Bengal",67276,4,58,2022-05-15
-34.2552625580547,150.335548005167,"Bengal",71747,4,62,2022-09-07
-34.2072974138885,150.842183151239,"Bengal",71039,7,61,2022-03-14
-35.1913836237229,150.252458511886,"Bengal",68447,2,58,2022-07-24
-34.7701214340902,149.997762494803,"Bengal",57235,5,47,2022-04-26
-35.1223547658794,150.318754401105,"Bengal",71355,9,61,2022-03-11
-33.6807501450163,151.276008104474,"Bengal",73037,6,63,2022-02-19
-34.8554895630555,150.287085960656,"Bengal",78035,2,68,2022-10-03
-35.778996010558,149.456499545996,"Bengal",63825,1,54,2022-07-05
-33.8949297229011,151.012091812915,"Bengal",69128,6,59,2022-03-31
-35.9719964892379,149.643367382283,"Bengal",68842,2,58,2022-07-24
-35.7595311453868,149.258333049115,"Bengal",72927,3,63,2022-09-17
-34.5593499379585,150.135744516858,"Bengal",74043,4,64,2022-10-11
-34.6693197613144,149.744115675838,"Bengal",63388,3,53,2022-05-22
-34.8768396182218,150.663112645907,"Bengal",80398,3,70,2022-10-14
-34.6590226351658,150.47664914023,"Bengal",67884,7,58,2022-03-28
-34.7902005156288,150.447770683936,"Bengal",66381,4,56,2022-05-09
-34.2453598920354,150.933108931126,"Bengal",67526,10,58,2022-03-19
-34.0461936594483,151.527612601925,"Bengal",69570,8,60,2022-03-16
-34.7415870208468,150.171193928571,"Bengal",74529,7,65,2022-02-04
-35.3824073202691,149.694588854531,"Bengal",67576,3,58,2022-06-25
-34.9893476705729,149.756215942658,"Bengal",68788,9,59,2022-03-18
-35.0576728185873,150.327333379383,"Bengal",68931,11,59,2022-03-15
-34.8166726895582,150.543719438255,"Bengal",62147,5,52,2022-04-24
-34.9607436011522,150.582180610343,"Bengal",68895,4,59,2022-05-21
-34.1988770262042,150.920064271741,"Bengal",64731,3,55,2022-05-30
-36.1692220441762,148.751878549317,"Bengal",69459,7,60,2022-03-19
-33.8564674522102,150.992449578892,"Bengal",71932,2,62,2022-09-06
-35.8300641647526,149.76095444679,"Bengal",72973,7,63,2022-02-26
-34.6518184346168,149.909488721843,"Bengal",73742,8,64,2022-02-22
-35.0604066356188,150.614046836029,"Bengal",66819,4,57,2022-05-11
-34.5810587634176,150.77420619865,"Bengal",68252,2,58,2022-07-24
-35.3342806259401,150.03869259007,"Bengal",67051,5,57,2022-04-19
-34.5090200858195,150.489004686854,"Bengal",64957,7,55,2022-04-05
-34.4269282424057,150.696093280217,"Bengal",71519,6,61,2022-03-17
-35.0795313269681,149.919709081555,"Bengal",80131,7,70,2022-12-16
-34.3886204611843,150.080706053183,"Bengal",81461,3,71,2022-10-15
-33.9522165263046,151.12809480517,"Bengal",71538,5,62,2022-03-05
-34.8307718451673,150.456220968071,"Bengal",75114,10,65,2022-02-23
-34.1679465285616,150.126403808408,"Bengal",72156,6,62,2022-03-06
-35.3074097072988,150.482694340228,"Bengal",67882,3,57,2022-06-13
-34.6301426162412,151.120084707405,"Shorthair",65667,7,55,2022-04-05
-33.6564437180416,150.411293977576,"Shorthair",72965,4,62,2022-09-07
-33.4540048785643,150.894659432238,"Shorthair",69376,6,60,2022-03-25
-34.0116826005411,150.882741252583,"Shorthair",78153,10,68,2022-02-07
-33.8156776948487,150.287155461468,"Shorthair",71009,7,61,2022-03-14
-34.1745717345025,150.771295954995,"Shorthair",70634,6,60,2022-03-25
-33.7169721265349,150.485528083745,"Shorthair",68281,4,58,2022-05-15
-33.7104089948796,150.739052040899,"Shorthair",79390,0,70,2022-09-28
-34.1277598794051,150.473680720474,"Shorthair",77018,4,67,2022-10-20
-33.6542863320745,150.372764440749,"Shorthair",70363,1,60,2022-08-24
-33.8658211950773,151.007386384836,"Shorthair",74558,4,65,2022-10-16
-33.4481569324333,150.986714850066,"Shorthair",70103,8,60,2022-03-16
-34.0207391215027,150.619435535719,"Shorthair",72733,2,63,2022-09-13
-33.7258727112134,150.674871517865,"Shorthair",74880,6,64,2022-01-31
-34.2190671179196,150.403087774402,"Shorthair",73307,6,64,2022-01-31
-34.0711992450547,150.816776495397,"Shorthair",84864,6,74,2022-11-15
-34.1376728360244,150.992187499373,"Shorthair",62803,1,53,2022-06-28
-33.797155585959,150.671325652578,"Shorthair",76806,7,67,2022-01-12
-34.2009761871577,151.112198217316,"Shorthair",72118,4,62,2022-09-07
-33.8920980487911,150.935599598712,"Shorthair",64807,7,55,2022-04-05
-34.1734777806556,151.009609262179,"Shorthair",81080,4,72,2022-10-24
-33.9396081780775,150.789541697942,"Shorthair",72517,4,62,2022-09-07
-33.71628447192,150.796265507179,"Shorthair",74688,4,64,2022-10-11
-33.0664251892453,150.319229144743,"Shorthair",69006,3,59,2022-07-12
-33.6745485626839,150.555644143297,"Shorthair",70679,6,61,2022-03-17
-34.4125323446141,150.777526710534,"Shorthair",60937,8,51,2022-04-07
-33.657307141816,150.787536358966,"Shorthair",79028,9,70,2022-01-18
-33.5571892215475,150.34378677434,"Shorthair",69700,10,60,2022-03-13
-34.5027280712192,150.701750187625,"Shorthair",80600,10,71,2022-01-22
-33.565155017846,150.586641415033,"Shorthair",64235,7,54,2022-04-07
-33.8595676636782,150.443121252903,"Shorthair",77551,3,68,2022-10-10
-34.0164001802587,151.1384211691,"Shorthair",70063,8,60,2022-03-16
-33.8131949253538,150.079938155429,"Shorthair",76480,7,66,2022-01-23
-33.6322152277603,149.93329899148,"Shorthair",66376,5,56,2022-04-21
-34.4391347188208,151.280682687802,"Shorthair",81707,5,72,2022-11-05
-34.4354558470331,151.036247797132,"Shorthair",71008,3,61,2022-08-21
-33.7460400633109,150.523733324199,"Shorthair",79285,5,70,2022-11-06
-34.1747650942281,150.594887696616,"Shorthair",77612,2,68,2022-10-03
-33.6839045644978,150.745791655281,"Shorthair",77644,2,68,2022-10-03
-34.0001523895002,150.52881796764,"Shorthair",70982,6,61,2022-03-17
-33.9816628837566,150.422304047328,"Shorthair",72307,3,62,2022-09-06
-34.1305731802654,150.630427940918,"Shorthair",74405,9,64,2022-02-25
-33.6232457557015,150.273437134069,"Shorthair",64410,1,55,2022-07-12
-34.02116644125,151.024104817879,"Shorthair",64673,3,55,2022-05-30
-34.3042073101257,151.353759887896,"Shorthair",68987,2,59,2022-08-06
-34.0453937579491,150.620547926283,"Shorthair",64657,7,54,2022-04-07
-33.971976198354,150.493834155023,"Shorthair",68625,11,58,2022-03-17
-34.1187327261619,151.112965735736,"Shorthair",71475,5,62,2022-03-05
-34.4074623619908,151.072442587145,"Shorthair",81004,7,71,2022-12-10
-33.8881029443768,151.2245189068,"Shorthair",71972,7,62,2022-03-07
-34.1460170963487,150.714104336317,"Shorthair",70957,5,61,2022-03-30
-34.1317592540921,150.77780609365,"Shorthair",71440,3,62,2022-09-06
-34.4360691379169,150.785176581177,"Shorthair",70014,5,60,2022-04-09
-33.3328848872377,149.684140906721,"Shorthair",71422,6,62,2022-03-06
-34.4244202467726,151.107717670326,"Shorthair",80298,11,70,2022-02-03
-34.0311664665187,150.757278118409,"Shorthair",77200,8,67,2022-01-28
-33.5289597844602,150.142289079493,"Shorthair",71871,8,62,2022-03-07
-33.2322846935982,150.20696866717,"Shorthair",67424,6,57,2022-04-07
-33.5804150143237,150.392335733944,"Shorthair",69098,5,59,2022-04-14
-33.7219166363911,150.438220094635,"Shorthair",65790,4,56,2022-05-09
-34.1972574114689,150.480801803905,"Shorthair",74793,4,65,2022-10-16
-34.0049397693826,150.210789197719,"Shorthair",71814,2,62,2022-09-06
-34.2765962529083,151.04570205836,"Shorthair",71532,4,62,2022-09-07
-34.5701473977284,150.802778601458,"Shorthair",76063,9,66,2022-02-13
-34.6096383929648,151.315846859871,"Shorthair",78106,3,68,2022-10-10
-34.6630933485266,151.093725762256,"Shorthair",73563,3,64,2022-09-25
-34.7328712888208,150.9770097344,"Shorthair",61524,9,52,2022-04-02
-34.1228678736066,150.627674699392,"Shorthair",77990,3,68,2022-10-10
-34.70107795258,151.345127166605,"Shorthair",69009,2,59,2022-08-06
-34.0240047366765,151.064876692129,"Shorthair",77676,7,68,2023-01-01
-33.8333926044297,150.412487367175,"Shorthair",69939,3,60,2022-08-01
-34.4361709848473,150.929013597902,"Shorthair",82513,6,72,2022-11-19
-34.1118017302662,150.82400453962,"Shorthair",76901,4,67,2022-10-20
-34.6229841876514,150.966490095196,"Shorthair",72350,6,62,2022-03-06
-34.4989001011269,151.040981841006,"Shorthair",69889,6,60,2022-03-25
-33.9716961789125,150.442107602891,"Shorthair",78568,7,68,2023-01-01
-33.8005810912318,150.898737087725,"Shorthair",84653,2,75,2022-10-13
-33.6045651243392,150.726925387018,"Shorthair",72010,4,62,2022-09-07
-34.150151173466,150.459467511323,"Shorthair",65556,3,56,2022-06-05
-34.1239033199329,150.724532199061,"Shorthair",65558,5,56,2022-04-21
-32.7862814505079,150.144975031234,"Shorthair",75704,5,68,2022-11-09
-33.682825117045,149.628695701642,"Shorthair",76051,3,68,2022-10-10
-33.7682644820614,149.984387453512,"Shorthair",65387,2,57,2022-07-12
-32.9936236122383,149.695798162709,"Shorthair",78486,3,70,2022-10-14
-34.4026738810581,150.011262572455,"Shorthair",68316,3,60,2022-08-01
-33.1792985105064,150.059639727937,"Shorthair",76508,6,69,2022-11-30
-32.6422428876249,148.432268677064,"Shorthair",77062,5,69,2022-11-08
-34.3236414798508,149.872447072069,"Shorthair",80818,4,73,2022-10-25
-34.6629859547137,149.575061556298,"Shorthair",71349,7,64,2022-02-16
-33.5439233502825,149.556566245674,"Shorthair",64323,2,57,2022-07-12
-32.2904488590204,150.018202229049,"Shorthair",71969,4,64,2022-10-11
-33.8810306972271,149.141942228743,"Shorthair",77007,8,69,2022-01-12
-33.1855488390184,150.486465704626,"Shorthair",67026,3,59,2022-07-12
-33.2210598242176,150.818495807872,"Shorthair",80825,4,73,2022-10-25
-33.8516510175279,149.212269427204,"Shorthair",72634,4,64,2022-10-11
-33.5281872941528,150.564635737315,"Shorthair",74366,2,66,2022-09-27
-33.2215603916325,150.328967724598,"Shorthair",73269,2,66,2022-09-27
-32.7169183874459,150.39197402097,"Shorthair",69286,3,62,2022-09-06
-33.6385343260493,150.355398098237,"Shorthair",73676,2,66,2022-09-27
-34.965703212092,149.304557555785,"Shorthair",73744,2,66,2022-09-27
-32.5102923387903,149.199849472327,"Shorthair",72887,5,65,2022-11-23
-32.5557174050712,148.414299944722,"Shorthair",71553,5,63,2022-01-13
-35.5097704530006,149.805569532512,"Shorthair",76760,5,69,2022-11-08
-34.4602402465863,150.923440372432,"Shorthair",65569,4,58,2022-05-15
-34.3890027359533,150.576919689715,"Shorthair",66878,6,59,2022-03-31
-32.7931583131587,149.1192218825,"Shorthair",78811,3,71,2022-10-15
-32.8666031461285,150.994795052131,"Shorthair",72990,4,65,2022-10-16
-34.2961456827271,148.356026268638,"Shorthair",72001,1,64,2022-09-15
-34.8415487549866,151.27356852197,"Shorthair",68009,8,60,2022-03-16
-32.9454818176557,149.731707108333,"Shorthair",67278,2,59,2022-08-06
-32.9434665928821,150.498771312049,"Shorthair",71870,2,64,2022-09-19
-33.171479271302,149.119536058846,"Shorthair",68429,7,61,2022-03-14
-34.7165096137906,149.87748782713,"Shorthair",84423,2,76,2022-10-14
-33.3114084706812,149.712956564905,"Shorthair",75943,4,68,2022-10-22
-32.8960805294692,149.901581934032,"Shorthair",73755,3,65,2022-09-30
-33.6475966479512,150.132080950982,"Shorthair",72748,7,65,2022-02-04
-33.9135487747986,149.782809041404,"Shorthair",79091,3,71,2022-10-15
-33.3160454007586,149.386763922281,"Shorthair",68408,0,61,2022-09-01
-32.8661002242026,150.687623220462,"Shorthair",72615,5,65,2022-11-23
-33.5490768370935,149.137096600658,"Shorthair",74659,4,67,2022-10-20
-33.1921599772506,149.012847783661,"Shorthair",69404,6,61,2022-03-17
-33.1743263211771,150.662011713186,"Shorthair",73228,4,65,2022-10-16
-32.9094859486004,148.811970339999,"Shorthair",80611,4,73,2022-10-25
-34.7899861498304,149.361346583105,"Shorthair",78356,1,70,2022-10-02
-33.7122834457309,148.59205279301,"Shorthair",68846,8,61,2022-03-12
-33.2082391168459,150.337766510168,"Shorthair",72111,2,64,2022-09-19
-33.6033161238879,149.458424878507,"Shorthair",79746,4,72,2022-10-24
-33.1591461264584,149.978505079513,"Shorthair",75644,4,68,2022-10-22
-34.0072074448539,148.235636698097,"Shorthair",68316,4,60,2022-06-03
-32.5760306406691,149.475393468327,"Shorthair",74427,2,66,2022-09-27
-34.5689286196319,148.974046410385,"Shorthair",66182,5,58,2022-04-17
-33.8063615829757,149.090937727069,"Shorthair",71676,8,64,2022-02-22
-32.7590750491165,149.892338919249,"Shorthair",71429,5,63,2022-01-13
-32.2957549347223,149.395489278474,"Shorthair",69224,7,61,2022-03-14
-33.3760434119827,150.025202723011,"Shorthair",68284,2,60,2022-08-17
-33.9557124779026,149.928316306218,"Shorthair",68881,6,61,2022-03-17
-32.7482791602257,148.887664384207,"Shorthair",70181,7,62,2022-03-07
-32.2336396181325,150.425044560596,"Shorthair",68965,3,61,2022-08-21
-33.3477257484298,149.452748445154,"Shorthair",78906,6,71,2022-11-22
-35.1346882811354,149.282407629551,"Shorthair",68550,2,60,2022-08-17
-32.231163461137,151.009217217542,"Shorthair",66130,3,58,2022-06-25
-33.8755237785871,149.076287658783,"Shorthair",74992,8,67,2022-01-28
-34.309506861096,149.935472834928,"Shorthair",75539,2,68,2022-10-03
-32.5814336632744,150.001620127344,"Shorthair",71333,4,63,2022-10-02
-33.1624918503201,150.814485359911,"Shorthair",72021,6,64,2022-01-31
-32.9054574101061,149.766304840235,"Shorthair",75087,2,67,2022-09-30
-35.3569752135059,148.873703746396,"Shorthair",68943,6,61,2022-03-17
-33.2137065155021,150.283202740095,"Shorthair",72505,8,65,2022-02-14
-33.0718352081004,150.001197422372,"Shorthair",75009,3,67,2022-10-08
-34.0292869015171,150.321628575658,"Shorthair",59689,2,52,2022-06-05
-32.0449398260255,149.590093021567,"Shorthair",80087,1,72,2022-10-05
-33.4552576839329,150.23297217717,"Shorthair",69345,2,62,2022-09-06
-32.9493566184139,149.411594248143,"Shorthair",74378,1,67,2022-09-25
-32.4849329578021,151.194937043911,"Shorthair",75753,5,68,2022-11-09
-33.7469308052252,149.701890688503,"Shorthair",74497,5,66,2022-11-16
-33.5113088983744,149.645422610307,"Shorthair",72920,5,65,2022-11-23
-35.5825710117728,150.250168137031,"Shorthair",74598,4,67,2022-10-20
-33.711938981918,150.208789925461,"Shorthair",77052,8,69,2022-01-12
-33.3153000226321,149.489947739773,"Shorthair",72546,4,64,2022-10-11
-34.5344051267348,149.698652787375,"Shorthair",78191,5,71,2022-11-05
-33.2729481453307,148.620115335591,"Shorthair",74573,2,67,2022-09-30
-33.5803393773903,148.308626826649,"Shorthair",72196,8,64,2022-02-22
-34.1729607918366,149.947409554599,"Shorthair",78596,2,70,2022-10-07
-34.147733976462,148.51638199748,"Shorthair",70697,4,63,2022-10-02
-33.458430148266,149.71528417955,"Shorthair",69326,3,62,2022-09-06
-33.6715254744119,148.930928941306,"Shorthair",74474,3,66,2022-10-05
-32.2155294515419,150.027061314811,"Shorthair",68098,6,61,2022-03-17
-34.3648347964239,149.823228072763,"Shorthair",69270,3,61,2022-08-21
-34.1177845903643,150.646639076027,"Shorthair",71637,7,64,2022-02-16
-33.0051060004763,150.444412629874,"Shorthair",73524,3,66,2022-10-05
-33.4032848409263,151.033889583466,"Shorthair",73965,7,65,2022-02-04
-33.5689555638006,151.068218413978,"Shorthair",58344,9,50,2022-04-04
-33.7641054683502,148.420796155024,"Shorthair",63704,5,56,2022-04-21
-33.3515823401222,149.891455312684,"Shorthair",73685,2,66,2022-09-27
-34.1051762515537,148.450707909908,"Shorthair",77544,5,69,2022-11-08
-32.058464664316,152.266857495855,"Shorthair",72560,5,65,2022-11-23
-34.4392423402864,148.604093700237,"Shorthair",75681,9,68,2022-01-31
-34.413703572768,149.845022737936,"Shorthair",70356,3,63,2022-09-17
-33.7947475959906,149.710964525288,"Shorthair",72523,5,64,2022-12-08
-33.1593067451835,151.610591218787,"Shorthair",76613,4,68,2022-10-22
-33.4567097659434,148.610681038133,"Shorthair",77053,5,69,2022-11-08
-33.8132467822535,149.632932050595,"Shorthair",74048,5,66,2022-11-16
-33.3870706757428,149.564836860773,"Shorthair",70363,4,63,2022-10-02
-33.4669596540699,150.581678155994,"Shorthair",80543,2,72,2022-10-10
-34.860845239413,149.496345767449,"Shorthair",85198,8,77,2022-12-03
-34.3257813750169,149.846640359151,"Shorthair",76006,4,68,2022-10-22
-33.5423756419654,149.891733353107,"Shorthair",65666,1,58,2022-08-07
-33.082296533821,150.258041730217,"Shorthair",69286,2,61,2022-08-28
-32.5862609009043,150.596405331735,"Shorthair",64027,0,56,2022-08-02
-33.4341024760929,150.421252541505,"Shorthair",69497,3,62,2022-09-06
-33.323577737811,149.32232337895,"Shorthair",76723,5,69,2022-11-08
-34.010466868969,149.171935814734,"Shorthair",67535,4,60,2022-06-03
-33.5424872658471,151.093212390686,"Shorthair",78929,2,71,2022-10-09
-33.9586538138096,149.4204672057,"Shorthair",72869,6,65,2022-01-12
-33.7010096311725,150.582581115336,"Shorthair",81928,3,74,2022-10-18
-34.2272640611057,149.850848932422,"Shorthair",77612,3,70,2022-10-14
-34.2669577462004,149.196088476487,"Shorthair",72512,3,65,2022-09-30
-34.2407205821644,150.031236562492,"Shorthair",69506,6,61,2022-03-17
-35.0220006287715,149.943484893414,"Shorthair",71499,1,64,2022-09-15
-34.6736583359496,150.225289893473,"Shorthair",72136,0,64,2022-09-13
-32.9357251503038,149.630375510628,"Shorthair",73413,3,66,2022-10-05
-34.4315677003104,149.019278200849,"Shorthair",78738,5,71,2022-11-05
-34.0679325681534,150.66983762145,"Shorthair",147068,2,70,2022-10-07
-33.1326126905465,151.130851831084,"Shorthair",142673,5,67,2022-11-12
-33.0629876726936,151.403473797687,"Shorthair",141140,3,67,2022-10-08
-32.8342268890072,150.749450808897,"Shorthair",145374,8,69,2022-01-12
-33.8819761493522,151.381606025682,"Shorthair",130690,1,62,2022-09-06
-33.3858332820461,150.708387095878,"Shorthair",139044,8,66,2022-02-06
-34.1247850645634,150.583393310952,"Shorthair",127785,6,60,2022-03-25
-34.1145603866851,151.128808393119,"Shorthair",133531,2,63,2022-09-13
-33.8526230295798,151.475165252281,"Shorthair",141943,6,67,2022-12-15
-33.718669928099,150.693436923027,"Shorthair",153021,3,73,2022-10-17
-33.5654337723717,151.000818550502,"Shorthair",147254,4,70,2022-10-23
-33.6692448145491,151.210213902368,"Shorthair",136526,5,64,2022-12-08
-33.2812539767627,150.868077044626,"Shorthair",143139,2,67,2022-09-30
-33.5481846849636,150.829900028831,"Shorthair",136714,3,65,2022-09-30
-33.8486252460436,151.124454335269,"Shorthair",140085,0,66,2022-09-19
-33.2471207460121,150.50217755364,"Shorthair",131392,6,62,2022-03-06
-33.2105167372454,150.831024279409,"Shorthair",141314,2,66,2022-09-27
-33.7138290659108,150.983067563821,"Shorthair",125758,4,59,2022-05-21
-34.0399956113202,151.621320064428,"Shorthair",116040,5,54,2022-04-23
-33.5750519878767,151.036247519287,"Shorthair",128768,4,61,2022-07-10
-33.488728555914,151.189570159533,"Shorthair",126891,4,60,2022-06-03
-33.2608086722234,150.60813397216,"Shorthair",140304,3,66,2022-10-05
-33.5798419994829,150.724609613195,"Shorthair",124521,6,58,2022-04-04
-33.5764992362689,150.857188788684,"Shorthair",126942,5,60,2022-04-09
-34.6412245595522,150.723174167723,"Shorthair",146060,4,69,2022-10-23
-33.3396627201254,151.109439701282,"Shorthair",138578,4,65,2022-10-16
-33.2913644845233,150.831753078012,"Shorthair",132589,4,62,2022-09-07
-33.627388972644,151.509416535191,"Shorthair",135506,3,64,2022-09-25
-33.634493825796,151.363886450301,"Shorthair",132804,8,63,2022-03-01
-34.0613522143358,151.001427482061,"Shorthair",143853,5,68,2022-11-09
-34.1186580374729,150.773701848762,"Shorthair",137637,3,65,2022-09-30
-33.5152525923989,150.577262483298,"Shorthair",141640,2,67,2022-09-30
-33.5777916051788,151.023152887432,"Shorthair",130208,4,61,2022-07-10
-33.2510462836368,151.294638279739,"Shorthair",147595,3,70,2022-10-14
-34.3274035218573,150.931482195139,"Shorthair",132957,2,63,2022-09-13
-33.2803965077763,150.782889065616,"Shorthair",140155,2,66,2022-09-27
-33.5622716189569,151.276178336606,"Shorthair",135864,2,64,2022-09-19
-33.981644288077,151.207973542167,"Shorthair",140008,7,66,2022-01-23
-33.6437696756014,151.279482993354,"Shorthair",144844,5,68,2022-11-09
-33.5672937020695,150.954332731062,"Shorthair",163421,6,77,2022-11-11
-33.5089614628923,151.154980202656,"Shorthair",133073,3,62,2022-09-06
-33.1421205727063,150.842631138708,"Shorthair",141775,2,67,2022-09-30
-33.9239826071966,150.944953625824,"Shorthair",120241,1,56,2022-07-21
-33.6095676069107,150.93478963453,"Shorthair",121723,2,57,2022-07-12
-33.0420350032061,151.092242145169,"Shorthair",150735,5,71,2022-11-05
-33.6509805541447,151.263572603788,"Shorthair",136517,1,64,2022-09-15
-34.0991741662324,150.452147510259,"Shorthair",141133,8,67,2022-01-28
-33.6593354393246,150.377331972464,"Shorthair",139441,6,66,2022-12-27
-33.3618401738311,150.360545833204,"Shorthair",127329,3,60,2022-08-01
-32.8112252951609,150.819454799621,"Shorthair",126738,5,59,2022-04-14
-33.8239398729906,150.384628989795,"Shorthair",145352,6,69,2022-11-30
-32.840616054121,151.038245205731,"Shorthair",135736,5,64,2022-12-08
-33.5228233482717,151.242674259643,"Shorthair",138616,5,65,2022-11-23
-33.6129761489274,150.996822227812,"Shorthair",123505,2,58,2022-07-24
-33.3051457883842,150.647986102125,"Shorthair",131745,2,62,2022-09-06
-33.3925382112282,151.457658568563,"Shorthair",140466,4,66,2022-10-19
-33.9896169220961,150.796934606163,"Shorthair",151540,3,72,2022-10-16
-33.6317920826369,150.746925731558,"Shorthair",128946,6,60,2022-03-25
-33.2816878363985,150.525680222756,"Shorthair",141174,2,67,2022-09-30
-33.6435855671155,151.540071819735,"Shorthair",140598,5,66,2022-11-16
-33.4467281803998,150.589261303947,"Shorthair",143890,1,68,2022-09-28
-33.3768885428163,150.349684492907,"Shorthair",146234,3,69,2022-10-12
-33.4803222804093,150.772354915789,"Shorthair",127812,1,60,2022-08-24
-33.315562241836,150.732444689468,"Shorthair",145940,4,69,2022-10-23
-33.5080116392763,150.944968053517,"Shorthair",146881,5,69,2022-11-08
-33.442924515538,150.589214046691,"Shorthair",140476,5,66,2022-11-16
-33.4079941913977,151.085008492908,"Shorthair",131459,7,62,2022-03-07
-33.4910760375022,151.214758568561,"Shorthair",127909,2,60,2022-08-17
-33.9755044669676,150.96581571278,"Shorthair",129042,5,60,2022-04-09
-33.7471919957368,150.637743558023,"Shorthair",147823,6,70,2022-11-25
-33.7119703896526,150.464824618353,"Shorthair",147673,1,70,2022-10-02
-33.2085882339737,150.944514592185,"Shorthair",149079,2,71,2022-10-09
-33.531066964459,150.483890524718,"Shorthair",141840,12,67,2022-02-19
-33.9186665768732,151.135852173352,"Shorthair",144917,5,69,2022-11-08
-33.5444603665398,151.307982531378,"Shorthair",134789,4,63,2022-10-02
-33.5091652940732,150.872366552793,"Shorthair",128580,10,61,2022-03-10
-33.5181166171184,150.965861703024,"Shorthair",139044,6,65,2022-01-12
-33.1494494571119,151.151721272863,"Shorthair",135114,2,63,2022-09-13
-33.4217062442495,151.233279259648,"Shorthair",139845,5,66,2022-11-16
-33.5200150003254,151.341914317425,"Shorthair",143435,1,68,2022-09-28
-33.3100117166211,150.850374970512,"Shorthair",118861,2,56,2022-07-02
-33.8250197878906,150.637208333136,"Shorthair",131430,5,62,2022-03-05
-32.8025824566325,150.844884703856,"Shorthair",134091,3,63,2022-09-17
-33.4709910576147,150.862932650126,"Shorthair",132478,6,62,2022-03-06
-34.0150840542914,150.75818461828,"Shorthair",134175,3,63,2022-09-17
-34.0517420912691,151.169106450809,"Shorthair",142525,5,67,2022-11-12
-34.2579751559898,151.068359224542,"Shorthair",132154,7,62,2022-03-07
-33.4312675953418,151.097332125567,"Shorthair",155222,4,74,2022-10-25
-33.7071246981067,150.760234665875,"Shorthair",133035,3,63,2022-09-17
-32.9625818259541,151.545630784627,"Shorthair",144335,3,68,2022-10-10
-33.6496147644038,150.995111378253,"Shorthair",151482,2,72,2022-10-10
-33.3445668142785,150.437988241187,"Shorthair",136372,2,65,2022-09-23
-33.7816597833496,150.697986680728,"Shorthair",131287,7,62,2022-03-07
-33.5468804903401,151.541677892905,"Shorthair",153920,8,73,2022-12-17
-33.1304017658615,151.197821053022,"Shorthair",142042,1,67,2022-09-25
-33.5827092623119,150.545774587324,"Shorthair",142245,5,67,2022-11-12
-33.4864075903641,150.868660691377,"Shorthair",163839,3,78,2022-10-20
-33.617422562006,150.833171557471,"Shorthair",146747,5,69,2022-11-08
-34.0297915550478,150.228167706748,"Burmese",67871,4,62,2022-09-07
-35.102728837921,148.919298851776,"Burmese",70404,0,65,2022-09-17
-34.8103905534669,149.414091592603,"Burmese",66475,0,60,2022-08-27
-34.3002284273335,150.2204304446,"Burmese",71217,2,65,2022-09-23
-34.7015908188618,149.280743891713,"Burmese",70579,4,65,2022-10-16
-34.6421582276263,149.548826412233,"Burmese",67110,4,62,2022-09-07
-34.1243815789251,150.0799160821,"Burmese",68391,2,62,2022-09-06
-34.1721113123,149.968174420234,"Burmese",56277,1,50,2022-06-12
-34.5152287874908,149.369941930533,"Burmese",67980,4,62,2022-09-07
-35.1498473521739,149.003524067163,"Burmese",66896,6,61,2022-03-17
-34.4075223434607,149.885025762144,"Burmese",63201,0,57,2022-08-08
-34.4390434447224,149.685569843761,"Burmese",66363,5,60,2022-04-09
-34.1396991775543,149.971918289131,"Burmese",65261,4,60,2022-06-03
-34.958476952188,149.360531630542,"Burmese",68403,5,63,2022-01-13
-34.9355542655231,149.448400886938,"Burmese",64162,2,58,2022-07-24
-34.5784395677822,149.930568529441,"Burmese",71030,5,65,2022-11-23
-34.5733247180052,149.518911066655,"Burmese",62051,5,56,2022-04-21
-34.1710283507116,150.086479919465,"Burmese",74686,2,68,2022-10-03
-35.0902990425355,149.214939088915,"Burmese",62197,4,56,2022-05-09
-34.658727238316,149.4209464867,"Burmese",68888,2,62,2022-09-06
-34.6034416362944,149.7649593825,"Burmese",72748,3,67,2022-10-08
-34.4990246748983,149.615270680887,"Burmese",66613,2,60,2022-08-17
-34.6886568881812,149.527119569532,"Burmese",64503,3,59,2022-07-12
-34.4138488831439,149.713675949268,"Burmese",70486,2,65,2022-09-23
-34.6265001049925,149.438921019077,"Burmese",67227,2,61,2022-08-28
-34.4088986738506,149.701058178893,"Burmese",58453,0,53,2022-07-12
-34.3274356939122,149.673001391071,"Burmese",71870,1,66,2022-09-22
-34.6589015947951,149.459479334899,"Burmese",70984,8,65,2022-02-14
-34.3354664099644,149.718599046307,"Burmese",69907,3,64,2022-09-25
-34.9804583673957,149.104019855721,"Burmese",71444,2,65,2022-09-23
-34.8147453802936,149.485530438552,"Burmese",67190,4,61,2022-07-10
-35.2868854685423,148.798316638987,"Burmese",68665,3,63,2022-09-17
-34.4968450560854,149.794148762309,"Burmese",71808,3,66,2022-10-05
-34.5227263491167,149.725086643464,"Burmese",60338,1,54,2022-07-05
-34.6286718827526,149.701150298354,"Burmese",69110,4,64,2022-10-11
-34.3994848477384,149.89995919572,"Burmese",70840,1,65,2022-09-19
-34.7986138206037,149.38007386693,"Burmese",68219,2,62,2022-09-06
-34.5999203975278,149.518974623645,"Burmese",73748,2,68,2022-10-03
-34.7991882159471,149.663999981783,"Burmese",66105,2,60,2022-08-17
-34.4845160263107,149.45184585701,"Burmese",63993,0,58,2022-08-15
-34.4283828804455,150.105034731297,"Burmese",73882,2,68,2022-10-03
-34.1947802707858,150.137538072244,"Burmese",72584,3,66,2022-10-05
-34.5156046476498,149.650284015833,"Burmese",65182,3,59,2022-07-12
-34.3169708370533,149.997362273166,"Burmese",73822,0,68,2022-09-24
-34.495691894946,149.748132930598,"Burmese",64381,6,58,2022-04-04
-34.6619711193726,149.518060432053,"Burmese",76056,3,70,2022-10-14
-34.5727280693529,149.574434316814,"Burmese",71901,3,66,2022-10-05
-33.9836548435997,149.951952315093,"Burmese",72906,6,67,2022-12-15
-34.516709084107,149.798164744115,"Burmese",64527,3,59,2022-07-12
-34.1924559262175,150.072147506035,"Burmese",62111,5,56,2022-04-21
-34.6152859087009,149.541702156876,"Burmese",69119,0,63,2022-09-10
-33.6920426056715,150.435655121153,"Burmese",65302,3,59,2022-07-12
-34.4214859173173,150.013916856054,"Burmese",66897,2,61,2022-08-28
-34.8611918123618,149.195545190658,"Burmese",65911,4,60,2022-06-03
-34.8388429500974,149.562445502589,"Burmese",67075,6,61,2022-03-17
-34.4214188012613,150.003316072583,"Burmese",59467,1,53,2022-06-28
-34.6810468854999,149.375785695404,"Burmese",78376,3,72,2022-10-16
-34.7180782893952,149.574939953986,"Burmese",65261,4,59,2022-05-21
-34.4690735813216,149.752257388511,"Burmese",75884,1,70,2022-10-02
-34.4176139817699,149.868470999626,"Burmese",62705,2,57,2022-07-12
-34.6724854162153,149.657968228879,"Burmese",63257,5,57,2022-04-19
-34.6532636031657,149.495810457248,"Burmese",66363,5,60,2022-04-09
-32.9644359418059,149.183910939196,"Burmese",123305,5,58,2022-04-17
-34.2078945596416,148.220919924651,"Burmese",116030,2,55,2022-06-23
-32.9818093589238,149.031810278543,"Burmese",138613,4,66,2022-10-19
-33.0034660174837,149.041707010779,"Burmese",116387,3,55,2022-05-30
-32.8090000375018,148.874316610633,"Burmese",136635,4,65,2022-10-16
-31.9450900983485,150.127865917178,"Burmese",139895,2,67,2022-09-30
-32.4854731121168,149.574812957481,"Burmese",122277,5,58,2022-04-17
-33.6960002402056,148.2022308342,"Burmese",137040,2,66,2022-09-27
-33.8778551301915,148.594718809809,"Burmese",130821,4,62,2022-09-07
-33.0284259332948,148.937025483941,"Burmese",132800,3,63,2022-09-17
-32.2941783779648,149.147212005309,"Burmese",136781,5,66,2022-11-16
-32.0951997615682,149.466414069842,"Burmese",141599,5,68,2022-11-09
-32.7865260499638,149.435284881926,"Burmese",114129,4,54,2022-05-07
-33.7799095044842,148.019047463973,"Burmese",140827,1,67,2022-09-25
-33.2928616011404,148.663015768763,"Burmese",100318,5,47,2022-04-26
-33.034283250492,148.758985522121,"Burmese",150031,3,72,2022-10-16
-32.4008657190506,149.212192056866,"Burmese",129828,3,62,2022-09-06
-32.4449406867733,149.194674850235,"Burmese",124820,3,60,2022-08-01
-33.2440783042003,149.30701351136,"Burmese",140867,4,67,2022-10-20
-31.453593686688,150.409891317125,"Burmese",134644,3,64,2022-09-25
-33.4583163390371,148.250739054146,"Burmese",132137,4,63,2022-10-02
-33.963767683916,148.167875131703,"Burmese",121494,3,58,2022-06-25
-31.6784285899021,150.067537161238,"Burmese",122813,3,58,2022-06-25
-34.0372310957569,147.728481464212,"Burmese",124138,4,59,2022-05-21
-32.9827296730555,149.213820004303,"Burmese",129760,4,62,2022-09-07
-32.2612915865082,150.04593026749,"Burmese",136673,2,65,2022-09-23
-33.587213332062,148.097505588819,"Burmese",128302,1,61,2022-08-30
-33.2042629902896,149.230521447644,"Burmese",138983,1,67,2022-09-25
-33.2047273280986,148.756046884456,"Burmese",146671,2,70,2022-10-07
-31.9880164575504,149.803287446507,"Burmese",138041,2,66,2022-09-27
-34.0202247201047,147.863863606034,"Burmese",148895,3,72,2022-10-16
-33.7319841848572,147.957659516924,"Burmese",130780,6,62,2022-03-06
-33.5772120734437,148.627011224838,"Burmese",119298,3,57,2022-06-13
-33.4331593861255,148.644545953446,"Burmese",137349,3,66,2022-10-05
-33.09016653683,148.704917927834,"Burmese",120539,4,57,2022-05-11
-33.9878498851487,148.135294990592,"Burmese",110247,4,52,2022-05-05
-34.0441919595406,147.990684441666,"Burmese",131864,3,63,2022-09-17
-33.0501137116687,148.114233736556,"Burmese",132930,3,63,2022-09-17
-32.2264840734208,149.266160086258,"Burmese",126275,3,60,2022-08-01
-31.6126878106294,151.028345933044,"Burmese",139134,1,66,2022-09-22
-33.443080160248,147.855694926919,"Burmese",124553,1,59,2022-08-16
-33.8773647557783,148.018560440806,"Burmese",128820,4,61,2022-07-10
-34.3907358372795,148.26577565333,"Burmese",136518,2,65,2022-09-23
-32.353212162199,149.492323858219,"Burmese",126698,1,60,2022-08-24
-34.0473598444221,148.140153653337,"Burmese",135120,2,65,2022-09-23
-32.5123958563108,149.51546306177,"Burmese",122891,2,58,2022-07-24
-33.9153471955598,149.050120280989,"Burmese",162613,1,79,2022-10-12
-33.7865214445012,148.493153307825,"Burmese",121276,4,58,2022-05-15
-34.0813160957557,147.97719722789,"Burmese",129884,5,62,2022-03-05
-33.84278106738,148.503288959109,"Burmese",141363,3,68,2022-10-10
-33.1761550210412,148.648545506179,"Burmese",136350,4,65,2022-10-16
-33.2447541550671,148.873291090194,"Burmese",138311,1,66,2022-09-22
-32.6500725627526,149.373674193704,"Burmese",125010,3,59,2022-07-12
-34.4776021108075,147.40270185716,"Burmese",135724,6,65,2022-01-12
-32.4862899400535,149.670426631601,"Burmese",124349,1,60,2022-08-24
-32.3762954548201,148.987716135024,"Burmese",138202,3,66,2022-10-05
-34.1935554794927,148.128533955203,"Burmese",117338,2,56,2022-07-02
-32.9355746814912,148.889743262341,"Burmese",127891,2,61,2022-08-28
-33.6453115171793,148.554530633871,"Burmese",133441,3,64,2022-09-25
-32.6345010148231,149.244309758447,"Burmese",153523,1,74,2022-10-08
-34.5711282289999,147.327699742922,"Burmese",117951,7,56,2022-04-03
-33.2853790608086,148.599431792304,"Burmese",135127,3,64,2022-09-25
-32.9474003772241,148.814442942435,"Burmese",152466,4,73,2022-10-25
-33.0953139768804,148.768076924074,"Burmese",122201,1,58,2022-08-07
-32.5252079331403,148.916446434728,"Burmese",123904,4,59,2022-05-21
-32.2481119099999,149.770725180301,"Burmese",150232,2,72,2022-10-10
-31.9511046821611,150.284628541074,"Burmese",133703,1,64,2022-09-15
-32.3374686195857,149.400966762196,"Burmese",126529,1,60,2022-08-24
-33.5032756550899,148.827007688557,"Burmese",130035,2,62,2022-09-06
-33.6621432900576,147.977168722073,"Burmese",135630,2,65,2022-09-23
-34.1132690325256,147.705819555571,"Burmese",116761,2,55,2022-06-23
-32.2249864999518,149.430115960597,"Burmese",130957,5,63,2022-01-13
-32.6320503324498,149.846414701659,"Burmese",141000,2,68,2022-10-03
